order_item_id,order_id,product_id,quantity,unit_price
1,1,20,4,81.23
2,1,170,1,420.73
3,2,244,3,367.73
4,3,11,3,58.37
5,3,156,1,81.84
6,3,144,2,343.22
7,3,51,1,123.53
8,4,227,1,259.19
9,5,214,2,355.12
10,6,109,2,242.42
11,7,265,1,362.52
12,7,29,1,110.25
13,7,34,4,193.4
14,8,207,2,55.44
15,8,269,1,299.55
16,8,89,3,426.41
17,9,103,2,307.78
18,9,128,6,115.1
19,9,234,1,179.15
20,9,185,1,336.09
21,10,238,2,94.82
22,11,64,2,40.07
23,11,124,1,18.13
24,12,229,3,226.85
25,12,243,4,147.82
26,13,133,1,341.36
27,14,198,3,123.08
28,15,293,1,19.29
29,16,116,4,275.07
30,16,138,4,289.82
31,16,263,2,21.16
32,16,5,1,48.81
33,17,89,1,426.41
34,17,115,2,496.44
35,17,157,2,516.65
36,17,217,2,223.35
37,18,236,1,380.14
38,18,112,5,304.35
39,18,155,4,321.13
40,18,300,1,418.19
41,19,192,1,149.88
42,20,56,2,458.24
43,21,142,2,194.55
44,22,134,1,493.42
45,22,97,2,161.51
46,22,265,2,345.26
47,22,30,3,420.77
48,23,72,1,401.29
49,23,255,1,477.45
50,24,215,2,349.82
51,25,19,2,193.16
52,26,114,1,268.52
53,27,184,3,257.66
54,27,88,2,33.16
55,27,151,3,235.17
56,27,242,2,12.0
57,28,287,1,433.13
58,28,172,2,43.35
59,28,114,1,296.78
60,29,158,1,218.91
61,30,170,3,441.77
62,30,134,1,493.42
63,30,238,4,99.81
64,31,299,2,256.89
65,31,242,1,12.0
66,32,196,4,397.27
67,32,212,5,11.26
68,33,78,2,484.65
69,33,103,1,323.17
70,33,210,1,168.03
71,33,74,1,78.11
72,34,93,1,212.52
73,34,250,2,43.75
74,34,91,2,67.56
75,34,30,5,442.92
76,35,108,1,360.22
77,35,296,2,496.17
78,36,46,4,421.63
79,36,223,1,379.93
80,37,245,2,52.99
81,37,3,1,339.97
82,38,192,4,142.74
83,38,165,5,230.95
84,39,3,2,339.97
85,40,177,1,287.27
86,41,197,3,441.44
87,42,24,2,519.55
88,43,234,5,188.11
89,43,223,5,399.93
90,43,176,5,34.95
91,43,184,1,245.39
92,44,207,1,55.44
93,45,68,1,99.25
94,46,259,2,136.0
95,46,64,1,42.07
96,46,20,1,81.23
97,47,131,2,167.49
98,47,25,2,343.88
99,47,11,1,55.59
100,47,60,1,163.73
101,48,64,3,42.07
102,48,243,3,140.78
103,49,5,1,53.95
104,50,52,1,49.77
105,50,71,1,33.25
106,51,54,4,68.55
107,51,145,1,335.11
108,51,55,3,129.39
109,52,103,4,323.17
110,53,104,1,352.37
111,53,210,1,185.71
112,53,83,1,214.39
113,54,107,1,132.82
114,54,170,1,420.73
115,55,46,3,421.63
116,56,253,2,281.25
117,56,47,2,80.66
118,56,52,1,49.77
119,57,234,2,188.11
120,57,136,2,55.73
121,58,90,1,339.23
122,59,185,1,352.89
123,59,219,3,143.07
124,59,49,4,301.48
125,59,5,3,51.38
126,60,88,1,34.82
127,60,184,1,233.12
128,61,138,1,305.07
129,61,191,1,241.58
130,61,94,2,467.68
131,61,206,2,283.19
132,61,234,5,188.11
133,62,245,1,52.99
134,62,86,3,375.25
135,62,68,4,99.25
136,63,82,2,136.28
137,63,214,3,337.36
138,63,292,2,418.97
139,63,93,1,201.89
140,63,184,4,245.39
141,64,67,1,119.02
142,64,250,3,41.67
143,64,211,1,37.17
144,64,24,1,494.81
145,65,161,3,446.87
146,66,269,1,299.55
147,66,174,1,73.5
148,66,222,1,95.01
149,67,198,1,123.08
150,67,286,1,165.02
151,68,81,2,82.17
152,69,85,1,484.51
153,69,252,3,49.52
154,69,124,4,18.13
155,69,143,4,313.46
156,70,282,1,155.72
157,70,207,1,55.44
158,71,228,1,329.51
159,72,256,1,148.35
160,73,255,4,454.71
161,74,212,2,11.26
162,75,1,1,17.38
163,75,156,1,77.94
164,76,234,3,188.11
165,76,187,4,453.93
166,77,233,4,226.4
167,77,287,3,411.47
168,77,187,2,431.23
169,78,114,2,282.65
170,79,150,1,154.37
171,80,24,4,494.81
172,80,253,2,281.25
173,80,210,5,176.87
174,81,101,2,440.24
175,82,202,1,390.01
176,83,98,3,10.09
177,83,56,5,458.24
178,84,64,1,38.07
179,85,259,1,136.0
180,85,256,8,156.16
181,86,25,1,326.69
182,86,300,2,397.28
183,87,91,3,64.34
184,87,66,4,363.06
185,87,199,3,298.37
186,87,259,1,129.2
187,88,128,1,120.86
188,88,204,3,304.52
189,89,232,1,239.26
190,89,71,2,33.25
191,89,263,3,22.22
192,89,281,5,249.54
193,89,284,2,147.67
194,90,149,3,216.31
195,91,68,2,99.25
196,91,258,1,497.76
197,91,60,1,180.97
198,91,288,1,199.08
199,92,214,1,372.88
200,92,217,3,235.11
201,93,13,1,384.3
202,93,75,1,234.0
203,94,103,1,323.17
204,94,83,1,225.11
205,95,75,1,234.0
206,95,152,1,258.03
207,96,17,2,29.06
208,96,232,1,239.26
209,96,288,2,209.56
210,97,288,2,199.08
211,97,122,3,486.41
212,97,25,1,326.69
213,98,161,2,446.87
214,99,129,2,156.07
215,100,227,3,246.85
216,100,189,1,434.09
217,101,100,2,74.1
218,101,230,1,150.65
219,101,39,1,485.68
220,102,264,1,352.98
221,102,194,1,375.77
222,102,220,5,395.31
223,102,285,3,241.65
224,102,67,1,125.28
225,103,131,1,167.49
226,103,170,2,399.69
227,104,80,3,110.8
228,104,79,1,91.69
229,104,27,1,213.76
230,105,294,1,374.16
231,105,38,1,314.96
232,106,95,3,123.15
233,106,259,4,136.0
234,107,275,1,112.4
235,107,48,3,285.59
236,108,110,2,53.22
237,109,151,2,235.17
238,110,272,1,210.61
239,110,288,2,209.56
240,110,59,1,68.15
241,110,229,1,226.85
242,110,125,1,392.28
243,111,165,1,219.4
244,111,59,3,61.66
245,112,145,4,335.11
246,113,192,4,135.6
247,113,250,2,41.67
248,113,152,1,258.03
249,113,165,3,230.95
250,114,86,2,375.25
251,114,34,1,184.19
252,114,110,2,48.16
253,114,54,3,68.55
254,115,223,2,399.93
255,115,79,2,87.32
256,116,170,4,420.73
257,116,45,1,256.3
258,117,129,3,156.07
259,118,117,5,228.63
260,118,209,1,379.17
261,119,208,1,404.6
262,119,162,3,390.32
263,120,61,1,296.28
264,121,33,1,374.77
265,121,38,2,314.96
266,122,55,2,143.01
267,122,155,3,338.03
268,122,145,1,318.35
269,122,196,3,359.43
270,123,16,2,276.25
271,123,81,2,86.5
272,123,70,6,410.97
273,124,280,3,335.18
274,124,74,3,78.11
275,124,192,2,142.74
276,125,285,4,230.14
277,125,64,1,40.07
278,126,202,2,390.01
279,127,177,1,273.59
280,128,263,3,21.16
281,128,83,2,214.39
282,129,130,1,16.71
283,130,291,1,276.86
284,131,282,3,155.72
285,131,282,1,163.92
286,131,149,1,206.01
287,131,129,2,156.07
288,132,298,1,239.11
289,133,183,3,246.67
290,133,121,3,487.05
291,133,146,1,350.12
292,133,100,2,74.1
293,133,249,3,391.35
294,134,157,2,492.05
295,135,187,3,476.63
296,135,220,2,376.49
297,136,127,1,194.36
298,137,224,1,462.8
299,137,185,1,336.09
300,137,170,1,399.69
301,138,184,1,257.66
302,138,250,1,41.67
303,139,42,2,157.79
304,140,72,1,401.29
305,140,135,3,93.39
306,140,39,2,485.68
307,140,260,2,123.73
308,141,297,1,450.11
309,141,109,1,255.18
310,141,283,1,176.66
311,142,277,3,275.73
312,142,77,1,31.54
313,143,149,2,206.01
314,144,262,2,346.24
315,144,204,3,304.52
316,145,123,4,488.22
317,145,264,1,352.98
318,146,92,2,291.56
319,146,248,1,494.37
320,147,250,3,41.67
321,148,190,1,133.78
322,149,106,1,142.71
323,150,233,2,215.62
324,151,166,2,475.27
325,152,267,1,341.86
326,152,135,1,93.39
327,152,193,4,397.37
328,153,40,3,359.57
329,154,115,1,449.16
330,155,177,1,259.91
331,156,4,1,297.29
332,156,226,2,47.38
333,156,118,1,185.5
334,157,144,2,361.28
335,157,77,4,30.04
336,158,61,1,296.28
337,159,170,2,420.73
338,159,247,2,91.45
339,160,83,1,203.67
340,160,12,1,182.69
341,161,294,3,356.34
342,162,263,3,21.16
343,163,76,2,404.97
344,163,86,1,394.01
345,163,93,1,201.89
346,163,289,2,313.2
347,164,146,5,350.12
348,164,111,2,25.48
349,164,242,3,11.4
350,164,88,2,33.16
351,165,74,2,74.39
352,165,262,5,363.55
353,165,86,4,394.01
354,166,36,2,80.66
355,166,194,1,356.98
356,166,68,3,99.25
357,166,9,2,350.58
358,167,259,3,129.2
359,167,77,1,30.04
360,168,20,1,85.51
361,169,67,5,125.28
362,170,221,3,162.94
363,170,190,4,133.78
364,170,272,2,210.61
365,170,118,1,176.22
366,171,196,1,397.27
367,171,295,1,278.36
368,171,218,1,164.54
369,172,120,3,180.07
370,173,279,3,435.54
371,174,3,4,339.97
372,175,61,2,296.28
373,175,193,4,418.28
374,176,162,1,370.8
375,176,186,2,421.05
376,177,300,1,439.1
377,178,275,5,112.4
378,179,142,2,176.03
379,179,105,2,442.91
380,180,286,3,156.77
381,180,92,2,306.14
382,181,248,6,494.37
383,181,158,2,241.95
384,182,204,2,290.02
385,182,61,2,296.28
386,182,229,3,226.85
387,183,261,3,78.36
388,184,282,3,163.92
389,184,83,6,203.67
390,184,3,1,339.97
391,185,242,2,11.4
392,185,46,1,421.63
393,185,135,2,93.39
394,186,20,3,81.23
395,187,206,3,312.99
396,187,30,2,442.92
397,187,254,1,369.52
398,187,6,4,282.82
399,188,266,1,226.21
400,188,100,2,70.57
401,188,262,2,346.24
402,188,87,2,294.17
403,189,1,1,17.38
404,190,142,4,176.03
405,191,203,1,55.58
406,192,266,1,215.44
407,192,36,2,80.66
408,193,287,2,454.79
409,193,178,3,112.75
410,194,100,2,67.04
411,195,295,1,278.36
412,195,134,2,469.92
413,195,209,2,399.13
414,195,287,3,433.13
415,196,175,2,348.51
416,196,263,2,22.22
417,197,295,1,292.28
418,197,227,3,234.51
419,197,289,3,297.54
420,197,125,4,411.89
421,198,235,1,148.94
422,198,15,4,264.35
423,198,60,1,180.97
424,198,35,2,47.5
425,198,113,1,371.91
426,199,212,2,11.82
427,199,265,2,345.26
428,199,135,1,93.39
429,200,205,2,494.58
430,201,92,4,276.98
431,202,112,1,336.39
432,203,98,2,9.13
433,204,121,3,487.05
434,204,136,1,58.66
435,204,118,2,185.5
436,205,183,1,246.67
437,205,55,1,136.2
438,205,41,1,366.19
439,206,278,3,237.9
440,206,247,1,101.07
441,207,253,2,295.31
442,207,252,1,47.16
443,208,262,5,363.55
444,208,204,1,290.02
445,208,296,4,496.17
446,208,28,2,434.15
447,208,245,1,55.78
448,209,202,1,390.01
449,209,235,3,156.78
450,210,236,2,380.14
451,210,5,3,51.38
452,211,195,3,115.99
453,211,167,1,436.94
454,212,133,1,341.36
455,212,281,1,249.54
456,213,242,4,12.6
457,214,256,2,148.35
458,215,191,4,241.58
459,216,144,3,343.22
460,216,93,2,212.52
461,216,295,3,278.36
462,216,52,2,49.77
463,217,285,2,218.63
464,217,196,2,378.35
465,217,75,3,234.0
466,218,5,1,51.38
467,218,216,2,294.39
468,219,265,3,362.52
469,220,154,2,53.79
470,220,288,1,209.56
471,220,204,1,290.02
472,221,31,2,75.72
473,221,131,2,159.12
474,222,50,1,57.35
475,222,172,1,45.52
476,222,185,5,352.89
477,223,132,2,187.76
478,223,11,1,52.81
479,224,102,2,83.08
480,225,146,1,367.63
481,225,167,2,395.32
482,225,229,1,226.85
483,225,196,3,397.27
484,225,238,4,99.81
485,226,173,2,132.53
486,226,293,1,18.33
487,226,37,2,300.22
488,226,83,2,225.11
489,227,163,3,423.18
490,228,203,5,61.44
491,228,228,2,364.19
492,228,267,3,309.3
493,229,95,3,123.15
494,229,65,2,336.14
495,230,41,5,385.46
496,230,86,2,356.49
497,231,33,5,356.03
498,232,14,1,256.91
499,232,269,1,299.55
500,233,80,1,110.8
501,234,200,2,368.8
502,234,118,1,185.5
503,235,227,1,246.85
504,235,68,1,99.25
505,235,15,3,278.26
506,236,167,3,395.32
507,236,240,1,514.87
508,237,70,1,432.6
509,237,234,2,170.19
510,238,274,5,319.03
511,238,178,1,102.01
512,239,46,3,400.55
513,239,158,1,241.95
514,240,80,2,116.34
515,240,6,1,282.82
516,241,70,1,454.23
517,241,147,2,94.96
518,242,252,2,44.8
519,242,154,1,51.23
520,243,150,1,147.02
521,243,4,1,312.15
522,243,97,1,153.43
523,244,224,3,418.72
524,244,128,2,115.1
525,244,200,5,333.68
526,244,113,1,390.51
527,245,123,3,512.63
528,246,273,2,467.52
529,247,36,3,80.66
530,247,70,3,454.23
531,248,234,3,170.19
532,249,252,1,47.16
533,250,78,3,484.65
534,251,12,2,182.69
535,251,53,1,513.56
536,251,138,2,305.07
537,251,225,3,280.12
538,251,120,1,180.07
539,252,253,2,281.25
540,253,160,1,192.69
541,254,238,1,99.81
542,254,170,2,420.73
543,254,75,1,234.0
544,254,137,1,347.35
545,254,37,1,285.21
546,255,129,2,148.27
547,256,63,3,38.36
548,256,198,4,116.93
549,256,127,2,194.36
550,257,49,2,301.48
551,258,160,2,212.97
552,258,82,1,136.28
553,259,282,2,163.92
554,259,130,3,15.87
555,259,153,1,331.13
556,260,27,6,203.58
557,261,121,1,462.7
558,261,167,3,416.13
559,261,86,1,394.01
560,261,300,1,418.19
561,261,203,3,58.51
562,262,22,3,291.19
563,263,80,3,116.34
564,263,46,1,421.63
565,264,47,6,84.69
566,265,31,1,75.72
567,265,183,1,246.67
568,265,275,4,118.32
569,265,65,1,319.33
570,266,286,5,173.27
571,267,225,2,280.12
572,267,11,1,52.81
573,267,184,1,245.39
574,268,21,1,319.9
575,269,287,4,454.79
576,269,278,2,226.0
577,269,98,2,9.61
578,270,166,1,451.51
579,270,141,1,5.84
580,271,80,2,105.26
581,272,135,1,98.06
582,273,260,3,117.54
583,273,95,1,123.15
584,274,187,1,453.93
585,274,165,1,230.95
586,275,276,4,474.8
587,275,98,3,9.13
588,276,79,2,91.69
589,276,166,2,451.51
590,276,165,2,230.95
591,277,35,2,50.0
592,278,67,2,125.28
593,278,17,1,27.68
594,278,55,1,129.39
595,279,17,4,26.3
596,280,270,1,233.5
597,280,26,3,124.3
598,281,37,1,300.22
599,282,107,2,132.82
600,282,41,2,366.19
601,282,32,5,392.46
602,282,286,1,156.77
603,283,30,1,465.07
604,283,271,5,351.37
605,283,37,1,315.23
606,284,111,1,26.82
607,285,119,3,103.54
608,286,270,1,222.38
609,287,92,1,276.98
610,287,55,1,143.01
611,288,219,1,143.07
612,288,86,3,375.25
613,289,259,3,142.8
614,289,81,1,82.17
615,290,162,2,409.84
616,290,191,1,218.58
617,290,221,1,180.1
618,290,124,4,17.27
619,291,282,1,172.12
620,292,232,4,227.3
621,293,1,4,17.38
622,293,146,4,350.12
623,293,266,2,215.44
624,293,155,2,338.03
625,293,154,3,51.23
626,294,162,2,390.32
627,295,142,5,185.29
628,295,49,5,301.48
629,295,236,1,380.14
630,296,136,2,61.59
631,297,128,1,115.1
632,297,132,2,187.76
633,297,48,4,258.39
634,297,292,2,441.02
635,298,167,4,395.32
636,298,89,1,405.09
637,298,296,3,496.17
638,299,154,2,51.23
639,299,296,3,471.36
640,300,29,3,115.76
641,301,223,1,379.93
642,302,62,3,355.38
643,302,6,1,268.68
644,302,28,3,479.85
645,302,269,4,299.55
646,303,290,2,381.2
647,304,114,3,282.65
648,305,202,3,370.51
649,306,295,3,278.36
650,306,114,3,268.52
651,306,149,1,195.71
652,307,173,1,139.5
653,308,26,4,112.46
654,308,135,1,93.39
655,309,223,2,399.93
656,310,247,1,96.26
657,310,250,5,39.59
658,310,293,1,19.29
659,311,269,2,299.55
660,311,125,2,392.28
661,312,221,1,180.1
662,313,295,1,278.36
663,313,58,1,210.77
664,314,179,2,452.9
665,314,165,2,242.5
666,315,13,3,424.76
667,315,87,3,308.88
668,316,227,1,246.85
669,316,226,3,47.38
670,317,120,1,180.07
671,317,192,1,142.74
672,317,44,3,486.08
673,317,28,1,457.0
674,318,76,1,425.22
675,318,8,2,425.95
676,318,57,2,375.81
677,318,231,1,148.74
678,319,108,1,360.22
679,320,268,1,42.37
680,321,73,1,99.84
681,321,193,2,418.28
682,322,31,1,79.51
683,323,139,4,195.67
684,324,5,1,51.38
685,324,199,3,298.37
686,325,185,1,336.09
687,325,10,3,86.06
688,326,198,1,123.08
689,326,195,1,115.99
690,326,162,2,370.8
691,326,273,1,445.26
692,327,257,2,291.43
693,328,12,2,182.69
694,328,127,2,204.08
695,329,202,4,390.01
696,330,181,2,253.16
697,331,121,3,511.4
698,331,32,2,392.46
699,332,16,1,305.33
700,332,116,2,275.07
701,332,175,4,331.08
702,332,71,2,35.0
703,333,267,1,325.58
704,333,214,3,355.12
705,333,294,1,356.34
706,334,160,5,212.97
707,334,230,2,150.65
708,335,71,3,35.0
709,336,159,2,360.58
710,336,221,5,171.52
711,336,290,2,381.2
712,336,163,2,403.03
713,337,61,1,296.28
714,337,163,1,403.03
715,338,164,6,28.37
716,338,211,1,41.09
717,338,227,2,259.19
718,339,97,1,161.51
719,340,14,4,283.95
720,341,119,2,108.99
721,341,119,3,108.99
722,342,245,3,55.78
723,343,241,3,123.48
724,343,95,2,116.99
725,344,71,1,35.0
726,344,99,2,41.26
727,345,8,3,425.95
728,346,114,3,282.65
729,346,105,3,466.22
730,346,91,2,61.12
731,346,251,3,84.11
732,346,235,2,156.78
733,347,22,1,291.19
734,347,161,4,424.53
735,348,293,3,19.29
736,348,267,2,325.58
737,349,22,3,306.52
738,349,266,2,204.67
739,350,21,1,319.9
740,350,265,4,345.26
741,350,98,3,10.09
742,350,226,4,45.01
743,350,156,1,81.84
744,351,217,2,246.87
745,351,28,1,457.0
746,352,232,2,239.26
747,352,257,1,306.77
748,353,300,1,418.19
749,354,166,5,451.51
750,355,233,1,215.62
751,356,47,2,84.69
752,356,166,4,475.27
753,356,64,2,40.07
754,356,59,1,61.66
755,357,44,5,461.78
756,357,262,2,346.24
757,358,195,4,115.99
758,359,172,3,43.35
759,359,84,1,81.62
760,359,92,2,291.56
761,360,159,5,342.55
762,360,148,1,340.27
763,361,68,1,99.25
764,362,130,1,16.71
765,363,256,3,156.16
766,363,253,2,281.25
767,364,244,1,332.71
768,365,41,1,385.46
769,365,126,1,143.92
770,366,286,1,165.02
771,366,26,3,118.38
772,367,179,2,452.9
773,368,17,1,29.06
774,369,45,1,256.3
775,370,92,3,291.56
776,371,294,2,356.34
777,371,234,1,188.11
778,372,48,3,285.59
779,372,166,4,499.03
780,372,195,1,115.99
781,372,219,1,143.07
782,373,69,1,180.38
783,374,141,2,6.13
784,374,270,2,211.26
785,375,108,1,360.22
786,375,56,2,482.36
787,376,148,1,323.26
788,376,163,4,423.18
789,377,182,1,377.97
790,377,289,5,297.54
791,378,255,1,431.97
792,378,93,1,212.52
793,379,100,1,70.57
794,379,61,1,296.28
795,379,239,2,141.87
796,380,107,1,132.82
797,380,212,3,11.26
798,380,171,4,331.0
799,381,109,2,255.18
800,381,104,5,352.37
801,382,35,2,52.5
802,383,282,3,172.12
803,384,59,1,68.15
804,384,175,2,331.08
805,384,292,1,441.02
806,385,100,3,74.1
807,385,174,1,69.83
808,385,243,3,140.78
809,386,247,3,96.26
810,386,236,1,380.14
811,387,212,3,11.26
812,387,267,1,341.86
813,388,162,1,390.32
814,388,107,1,146.8
815,389,182,2,377.97
816,389,77,1,31.54
817,389,16,4,305.33
818,390,274,3,303.84
819,390,293,1,18.33
820,390,96,1,337.49
821,390,158,4,241.95
822,390,17,1,29.06
823,391,255,1,454.71
824,391,191,1,218.58
825,392,155,3,338.03
826,392,269,1,314.53
827,392,90,2,339.23
828,393,20,5,85.51
829,394,228,1,346.85
830,394,248,2,470.83
831,394,98,5,10.09
832,394,248,1,494.37
833,395,74,4,74.39
834,395,265,4,345.26
835,395,106,1,135.91
836,396,268,2,40.35
837,396,3,3,356.97
838,397,45,6,269.12
839,397,240,1,490.35
840,397,53,4,513.56
841,397,12,3,191.82
842,398,108,1,378.23
843,398,103,4,307.78
844,399,273,1,467.52
845,400,61,2,311.09
846,400,77,1,30.04
847,400,141,4,5.84
848,401,287,3,433.13
849,402,180,6,450.53
850,403,146,1,350.12
851,404,160,2,212.97
852,405,26,1,118.38
853,405,15,2,264.35
854,406,26,3,118.38
855,406,197,3,420.42
856,406,45,1,243.48
857,406,201,1,88.06
858,407,229,1,238.19
859,407,160,4,212.97
860,407,102,1,83.08
861,408,239,4,141.87
862,408,48,1,258.39
863,408,50,3,57.35
864,408,159,1,342.55
865,408,241,2,117.6
866,409,74,4,78.11
867,409,187,2,431.23
868,409,94,1,491.06
869,409,167,1,395.32
870,410,34,2,174.98
871,410,58,1,232.95
872,411,88,2,34.82
873,411,179,1,452.9
874,412,208,2,425.9
875,412,167,1,416.13
876,413,273,1,423.0
877,413,206,4,283.19
878,413,123,3,488.22
879,414,247,2,91.45
880,414,34,2,193.4
881,415,221,1,162.94
882,416,176,5,36.79
883,416,89,1,426.41
884,417,294,2,338.52
885,417,59,3,61.66
886,417,167,1,416.13
887,418,91,2,67.56
888,418,208,4,425.9
889,418,56,3,458.24
890,419,32,2,373.77
891,420,72,1,401.29
892,421,77,3,28.54
893,421,273,2,467.52
894,421,200,1,333.68
895,422,163,1,423.18
896,423,156,1,74.04
897,423,177,2,273.59
898,424,262,1,328.93
899,424,66,1,381.21
900,425,282,1,163.92
901,426,287,1,454.79
902,427,145,2,335.11
903,428,202,2,409.51
904,429,208,4,404.6
905,429,223,4,399.93
906,429,89,1,405.09
907,430,285,2,218.63
908,431,185,1,319.29
909,431,79,2,91.69
910,431,65,1,336.14
911,432,9,1,350.58
912,433,250,4,39.59
913,433,70,4,432.6
914,433,71,1,33.25
915,434,218,1,164.54
916,434,233,3,204.84
917,434,283,6,159.84
918,434,197,1,441.44
919,435,218,1,164.54
920,436,122,3,486.41
921,436,211,3,41.09
922,437,20,1,81.23
923,438,58,2,210.77
924,438,41,2,385.46
925,438,270,1,233.5
926,439,41,2,385.46
927,439,126,2,130.22
928,440,40,2,359.57
929,440,28,2,479.85
930,441,6,2,268.68
931,441,233,1,204.84
932,442,170,1,399.69
933,442,181,5,253.16
934,443,19,3,202.82
935,444,289,3,328.86
936,444,32,1,355.08
937,444,297,2,473.8
938,445,150,7,147.02
939,445,147,2,94.96
940,446,259,2,136.0
941,447,143,3,329.13
942,447,68,1,104.21
943,447,141,2,6.13
944,447,8,2,405.67
945,448,78,2,460.42
946,448,190,1,133.78
947,449,121,2,462.7
948,450,271,1,351.37
949,451,44,2,486.08
950,452,79,2,82.95
951,452,212,5,10.7
952,453,226,2,47.38
953,454,177,2,273.59
954,455,60,1,172.35
955,455,86,1,356.49
956,456,155,1,321.13
957,457,273,1,445.26
958,457,195,2,110.19
959,457,243,4,147.82
960,458,223,2,399.93
961,459,230,5,143.12
962,460,272,1,221.69
963,460,50,1,63.39
964,461,222,2,99.76
965,461,172,1,45.52
966,461,137,1,365.63
967,461,131,4,159.12
968,461,237,3,372.73
969,462,100,1,74.1
970,462,93,2,223.15
971,462,281,1,237.66
972,463,35,1,50.0
973,463,211,1,39.13
974,464,229,2,238.19
975,464,113,2,390.51
976,465,18,1,492.68
977,466,30,1,442.92
978,466,63,3,38.36
979,467,67,3,119.02
980,468,290,3,381.2
981,468,57,5,357.91
982,469,240,2,490.35
983,470,142,2,176.03
984,470,166,3,499.03
985,471,38,2,314.96
986,472,196,2,359.43
987,472,171,2,315.24
988,472,133,6,358.43
989,473,36,4,76.63
990,474,103,1,292.39
991,474,92,6,276.98
992,474,56,1,482.36
993,474,277,3,275.73
994,474,112,1,320.37
995,475,133,3,341.36
996,475,18,4,492.68
997,475,37,3,315.23
998,475,229,3,226.85
999,476,77,2,30.04
1000,476,20,4,81.23
1001,476,137,4,365.63
1002,476,169,1,216.39
1003,477,264,2,335.33
1004,477,245,2,52.99
1005,478,36,2,80.66
1006,478,2,2,109.72
1007,479,247,2,96.26
1008,479,291,4,290.7
1009,479,171,1,331.0
1010,479,206,1,298.09
1011,479,47,1,84.69
1012,480,175,2,348.51
1013,480,236,1,380.14
1014,481,91,1,64.34
1015,481,197,3,420.42
1016,482,200,2,351.24
1017,483,184,1,233.12
1018,483,44,1,461.78
1019,484,72,3,401.29
1020,484,99,1,41.26
1021,484,123,2,463.81
1022,485,277,3,304.75
1023,486,231,1,156.57
1024,486,19,3,202.82
1025,487,22,2,291.19
1026,488,268,3,38.33
1027,489,275,2,118.32
1028,489,297,2,473.8
1029,489,37,3,300.22
1030,489,73,2,94.85
1031,490,242,3,12.0
1032,490,125,2,392.28
1033,491,26,1,124.3
1034,492,50,1,57.35
1035,492,88,3,33.16
1036,492,55,2,136.2
1037,493,113,3,371.91
1038,493,104,1,318.81
1039,494,206,2,312.99
1040,495,295,1,278.36
1041,496,110,1,50.69
1042,497,172,1,43.35
1043,497,62,1,373.15
1044,498,213,4,57.24
1045,499,284,6,147.67
1046,499,225,4,280.12
1047,500,21,3,336.74
1048,500,52,1,45.03
1049,500,81,4,86.5
1050,500,250,2,41.67
1051,501,92,3,291.56
1052,502,146,2,332.61
1053,502,244,1,350.22
1054,502,106,2,135.91
1055,503,268,2,38.33
1056,503,211,3,39.13
1057,504,20,1,85.51
1058,504,256,1,156.16
1059,504,155,1,354.93
1060,504,215,3,368.23
1061,505,99,1,41.26
1062,505,272,1,221.69
1063,506,277,2,290.24
1064,506,238,5,99.81
1065,507,100,4,70.57
1066,508,243,2,133.74
1067,508,91,2,64.34
1068,508,23,5,85.88
1069,509,146,1,350.12
1070,509,223,2,419.93
1071,510,233,1,215.62
1072,511,27,3,203.58
1073,512,15,1,264.35
1074,513,37,1,300.22
1075,513,228,2,364.19
1076,514,167,1,416.13
1077,514,57,1,375.81
1078,515,122,2,440.09
1079,516,193,1,418.28
1080,516,38,2,284.96
1081,516,300,2,397.28
1082,516,28,3,434.15
1083,517,233,3,215.62
1084,518,70,1,410.97
1085,519,184,1,257.66
1086,519,104,1,352.37
1087,519,66,2,363.06
1088,520,31,2,79.51
1089,520,70,1,432.6
1090,521,235,1,148.94
1091,521,88,3,34.82
1092,521,113,1,390.51
1093,521,81,5,86.5
1094,522,284,2,147.67
1095,522,45,3,243.48
1096,523,251,1,80.1
1097,523,243,3,133.74
1098,523,143,1,313.46
1099,523,220,4,376.49
1100,524,223,1,399.93
1101,525,77,2,30.04
1102,525,214,3,355.12
1103,525,21,1,319.9
1104,525,259,1,136.0
1105,526,202,2,370.51
1106,526,51,2,117.35
1107,527,43,2,6.61
1108,527,209,1,399.13
1109,528,152,3,258.03
1110,529,47,5,80.66
1111,529,246,1,249.22
1112,530,236,2,362.04
1113,531,238,2,99.81
1114,531,208,6,425.9
1115,531,190,1,127.09
1116,531,1,2,17.38
1117,531,198,1,129.23
1118,532,152,1,245.13
1119,532,139,2,195.67
1120,533,42,1,157.79
1121,533,29,4,115.76
1122,533,27,2,203.58
1123,534,239,3,141.87
1124,535,90,1,339.23
1125,536,105,1,466.22
1126,536,172,3,43.35
1127,537,245,2,55.78
1128,537,116,2,288.82
1129,538,137,1,347.35
1130,539,33,1,393.51
1131,540,249,2,411.95
1132,541,273,1,467.52
1133,541,232,4,251.22
1134,542,34,5,184.19
1135,542,235,1,156.78
1136,542,42,1,142.77
1137,543,148,6,340.27
1138,543,56,1,482.36
1139,543,142,1,185.29
1140,543,76,1,384.72
1141,544,105,3,466.22
1142,545,278,2,237.9
1143,546,216,3,294.39
1144,546,11,5,58.37
1145,547,12,5,182.69
1146,548,267,2,341.86
1147,548,211,3,41.09
1148,548,168,6,426.66
1149,549,272,3,210.61
1150,549,235,2,164.62
1151,550,157,3,492.05
1152,550,134,1,469.92
1153,551,148,1,340.27
1154,551,76,4,425.22
1155,552,86,1,375.25
1156,553,147,6,99.96
1157,553,90,2,339.23
1158,553,83,3,214.39
1159,554,163,2,403.03
1160,555,190,1,133.78
1161,555,106,1,135.91
1162,556,177,4,273.59
1163,556,191,3,218.58
1164,557,84,3,85.7
1165,557,63,5,38.36
1166,558,256,1,156.16
1167,558,235,4,164.62
1168,559,280,1,335.18
1169,560,152,1,245.13
1170,560,149,1,206.01
1171,561,227,1,259.19
1172,561,58,1,210.77
1173,561,21,4,336.74
1174,562,60,2,180.97
1175,562,13,1,384.3
1176,563,113,1,353.31
1177,563,183,1,246.67
1178,564,100,2,70.57
1179,565,143,2,313.46
1180,565,12,1,182.69
1181,565,276,2,474.8
1182,566,45,1,243.48
1183,566,100,2,67.04
1184,567,262,2,346.24
1185,568,185,1,319.29
1186,568,76,2,384.72
1187,568,190,1,127.09
1188,568,191,3,230.08
1189,569,180,4,450.53
1190,570,288,4,209.56
1191,570,111,3,25.48
1192,570,213,3,54.38
1193,570,148,2,340.27
1194,570,218,1,156.31
1195,571,45,2,256.3
1196,572,244,3,367.73
1197,573,193,1,418.28
1198,574,140,2,124.54
1199,575,237,1,372.73
1200,576,196,1,397.27
1201,577,22,2,321.85
1202,577,300,3,439.1
1203,578,238,2,99.81
1204,578,14,1,270.43
1205,579,154,3,48.67
1206,580,148,2,323.26
1207,581,126,2,137.07
1208,582,142,1,176.03
1209,583,35,4,52.5
1210,583,298,2,239.11
1211,583,290,2,362.14
1212,583,133,1,324.29
1213,583,62,2,373.15
1214,584,295,2,278.36
1215,584,133,2,341.36
1216,585,75,4,245.7
1217,585,237,1,372.73
1218,586,28,1,479.85
1219,587,183,4,246.67
1220,588,272,1,221.69
1221,589,94,1,467.68
1222,589,86,3,394.01
1223,590,155,1,354.93
1224,590,186,1,421.05
1225,590,274,1,319.03
1226,590,74,1,74.39
1227,591,145,2,351.87
1228,592,211,2,41.09
1229,592,84,1,81.62
1230,592,112,2,320.37
1231,593,97,3,161.51
1232,593,214,1,337.36
1233,594,60,3,172.35
1234,594,9,1,333.05
1235,594,179,4,475.55
1236,594,186,5,421.05
1237,595,268,1,42.37
1238,595,89,1,447.73
1239,595,15,4,278.26
1240,596,73,1,99.84
1241,597,108,1,360.22
1242,598,218,3,164.54
1243,598,40,2,342.45
1244,598,248,1,447.29
1245,598,22,1,306.52
1246,598,56,2,482.36
1247,599,263,1,21.16
1248,599,241,4,117.6
1249,599,130,3,16.71
1250,600,6,1,282.82
1251,601,106,2,135.91
1252,601,95,4,129.31
1253,601,15,2,278.26
1254,602,143,1,329.13
1255,603,257,2,306.77
1256,604,35,2,50.0
1257,604,297,2,473.8
1258,605,99,1,43.32
1259,605,88,1,33.16
1260,606,51,3,123.53
1261,606,259,6,129.2
1262,606,188,1,46.55
1263,606,226,2,47.38
1264,606,93,2,223.15
1265,607,218,2,164.54
1266,607,264,2,352.98
1267,607,209,2,399.13
1268,607,161,1,446.87
1269,607,239,4,141.87
1270,608,254,3,408.42
1271,608,148,1,340.27
1272,609,253,2,281.25
1273,610,234,2,188.11
1274,611,228,3,346.85
1275,611,284,1,140.29
1276,612,220,2,376.49
1277,613,244,1,367.73
1278,613,92,3,291.56
1279,613,252,3,47.16
1280,613,203,2,55.58
1281,614,44,1,486.08
1282,614,74,3,70.67
1283,615,53,2,489.1
1284,615,34,4,193.4
1285,616,174,1,73.5
1286,616,207,3,55.44
1287,616,120,2,171.07
1288,616,256,4,163.97
1289,616,298,1,264.29
1290,617,205,2,494.58
1291,617,244,1,332.71
1292,617,249,1,432.55
1293,618,233,1,215.62
1294,619,251,1,76.09
1295,620,69,1,180.38
1296,621,28,2,457.0
1297,622,14,3,270.43
1298,622,196,5,397.27
1299,623,50,3,60.37
1300,624,267,2,309.3
1301,624,239,4,141.87
1302,625,255,3,431.97
1303,626,278,2,249.8
1304,626,277,1,290.24
1305,627,17,1,26.3
1306,627,61,4,281.47
1307,627,231,5,164.4
1308,627,193,1,397.37
1309,627,236,3,362.04
1310,628,286,2,173.27
1311,629,85,1,460.28
1312,629,221,2,171.52
1313,629,160,1,192.69
1314,629,250,2,41.67
1315,630,252,1,44.8
1316,630,244,1,350.22
1317,631,201,2,92.46
1318,631,254,1,369.52
1319,632,181,2,253.16
1320,632,165,3,230.95
1321,633,24,1,494.81
1322,634,179,1,452.9
1323,634,175,2,331.08
1324,634,50,1,57.35
1325,635,183,2,234.34
1326,636,126,3,137.07
1327,637,160,2,202.83
1328,638,34,3,193.4
1329,638,59,3,68.15
1330,638,87,3,294.17
1331,638,276,2,524.78
1332,639,217,1,223.35
1333,640,241,2,117.6
1334,641,194,2,356.98
1335,641,166,2,475.27
1336,641,251,3,80.1
1337,641,106,1,142.71
1338,641,255,2,477.45
1339,642,154,1,53.79
1340,643,104,1,318.81
1341,643,39,2,485.68
1342,643,148,3,357.28
1343,643,25,1,361.07
1344,643,294,1,338.52
1345,644,48,4,271.99
1346,644,173,1,146.47
1347,644,35,2,47.5
1348,645,178,1,107.38
1349,645,155,4,354.93
1350,646,277,3,304.75
1351,646,103,2,292.39
1352,647,264,2,335.33
1353,647,281,3,237.66
1354,648,265,3,345.26
1355,648,296,1,471.36
1356,648,110,3,48.16
1357,648,138,3,289.82
1358,649,31,1,75.72
1359,649,187,4,431.23
1360,649,76,4,404.97
1361,649,78,2,508.88
1362,650,211,2,41.09
1363,650,33,2,374.77
1364,650,212,1,11.82
1365,651,83,2,225.11
1366,651,121,2,462.7
1367,651,123,3,488.22
1368,652,15,1,278.26
1369,653,159,1,342.55
1370,653,249,3,391.35
1371,653,217,3,235.11
1372,654,140,4,131.09
1373,655,143,1,313.46
1374,656,22,3,291.19
1375,656,11,1,55.59
1376,657,43,2,6.94
1377,657,153,5,331.13
1378,657,209,1,419.09
1379,657,47,1,76.63
1380,658,72,3,401.29
1381,658,58,3,221.86
1382,658,268,1,42.37
1383,658,255,1,454.71
1384,659,63,3,40.28
1385,660,300,3,397.28
1386,661,121,1,462.7
1387,661,112,2,320.37
1388,661,55,1,136.2
1389,662,141,4,5.55
1390,663,29,1,104.74
1391,663,274,2,319.03
1392,664,58,1,232.95
1393,664,280,1,303.26
1394,665,127,1,204.08
1395,665,75,2,245.7
1396,666,189,5,455.79
1397,666,11,1,55.59
1398,667,28,3,457.0
1399,667,130,1,15.87
1400,667,159,5,378.61
1401,668,63,2,38.36
1402,668,227,1,234.51
1403,668,5,1,48.81
1404,668,131,2,175.86
1405,669,121,1,511.4
1406,670,83,1,203.67
1407,671,209,3,399.13
1408,671,141,1,5.84
1409,672,252,1,44.8
1410,672,212,2,11.82
1411,672,217,2,235.11
1412,673,134,2,469.92
1413,673,181,4,229.04
1414,673,281,3,249.54
1415,674,15,1,278.26
1416,674,95,3,116.99
1417,675,70,1,432.6
1418,675,206,3,298.09
1419,675,157,3,516.65
1420,676,57,2,357.91
1421,676,128,3,115.1
1422,677,211,2,41.09
1423,677,232,3,227.3
1424,677,69,1,189.4
1425,678,168,3,471.58
1426,679,213,2,60.1
1427,680,194,4,375.77
1428,681,12,3,182.69
1429,682,237,1,372.73
1430,682,135,1,93.39
1431,682,26,2,112.46
1432,682,220,4,395.31
1433,683,189,2,434.09
1434,684,61,3,296.28
1435,684,270,1,211.26
1436,684,233,2,204.84
1437,684,61,4,296.28
1438,685,98,4,10.09
1439,685,148,1,323.26
1440,685,196,3,378.35
1441,686,106,1,135.91
1442,686,145,2,335.11
1443,687,210,5,176.87
1444,687,15,1,292.17
1445,688,121,2,462.7
1446,688,128,2,120.86
1447,688,299,1,244.05
1448,688,44,3,486.08
1449,688,241,1,117.6
1450,689,204,4,290.02
1451,689,197,5,399.4
1452,689,132,3,178.82
1453,689,49,2,301.48
1454,690,121,1,462.7
1455,691,24,3,494.81
1456,691,130,1,15.87
1457,691,155,1,321.13
1458,691,190,1,133.78
1459,692,287,1,433.13
1460,692,298,2,251.7
1461,692,134,2,469.92
1462,692,258,1,450.36
1463,692,174,1,69.83
1464,693,163,5,382.88
1465,694,60,1,180.97
1466,695,66,1,344.91
1467,696,144,1,379.34
1468,696,221,1,180.1
1469,696,135,3,98.06
1470,696,265,1,362.52
1471,697,85,1,508.74
1472,697,252,1,47.16
1473,698,226,4,47.38
1474,698,97,2,161.51
1475,699,94,1,467.68
1476,700,84,3,77.54
1477,700,224,1,440.76
1478,507,21,1,336.74
1479,453,183,1,246.67
1480,575,249,3,411.95
1481,469,253,1,281.25
1482,116,76,1,404.97
1483,127,179,2,452.9
1484,96,105,3,466.22
1485,291,93,1,212.52
1486,173,261,5,82.48
1487,280,289,3,313.2
1488,680,300,3,418.19
1489,218,299,4,256.89
1490,5,270,1,222.38
1491,585,93,2,212.52
1492,427,40,2,342.45
1493,253,256,2,156.16
1494,694,49,2,301.48
1495,337,14,3,270.43
1496,292,63,3,38.36
1497,404,192,2,142.74
1498,605,55,3,136.2
1499,332,79,1,87.32
1500,30,42,3,150.28
1501,472,246,5,237.35
1502,465,138,1,305.07
1503,609,3,1,339.97
1504,338,23,2,85.88
1505,672,232,1,239.26
1506,333,292,2,441.02
1507,133,109,1,255.18
1508,50,145,2,335.11
1509,331,29,1,110.25
1510,73,281,3,237.66
1511,617,196,2,378.35
1512,95,205,5,471.03
1513,262,92,3,291.56
1514,246,205,1,471.03
1515,92,11,1,55.59
1516,214,84,3,81.62
1517,398,207,1,55.44
1518,292,79,1,87.32
1519,124,153,1,331.13
1520,503,222,1,95.01
1521,318,68,2,99.25
1522,368,50,4,60.37
1523,377,263,2,21.16
1524,205,251,6,80.1
1525,457,199,1,284.16
1526,488,138,2,305.07
1527,577,217,1,235.11
1528,93,217,3,235.11
1529,378,96,3,337.49
1530,445,219,2,143.07
1531,96,21,4,336.74
1532,526,175,2,348.51
1533,475,115,3,472.8
1534,664,80,2,110.8
1535,508,270,2,222.38
1536,645,269,1,299.55
1537,86,149,3,206.01
1538,480,224,3,440.76
1539,82,245,2,55.78
1540,308,77,1,30.04
1541,131,154,1,51.23
1542,255,268,1,40.35
1543,438,152,5,258.03
1544,583,25,1,343.88
1545,565,40,3,342.45
1546,47,263,2,21.16
1547,111,262,3,346.24
1548,436,212,4,11.26
1549,97,238,3,99.81
1550,677,292,3,441.02
1551,260,182,2,377.97
1552,261,300,3,418.19
1553,84,258,2,474.06
1554,17,59,2,64.9
1555,678,237,5,372.73
1556,184,94,4,467.68
1557,403,24,1,494.81
1558,86,214,2,355.12
1559,305,161,3,446.87
1560,602,233,2,215.62
1561,687,231,2,156.57
1562,639,136,1,58.66
1563,350,96,3,337.49
1564,217,95,2,123.15
1565,81,133,3,341.36
1566,690,55,2,136.2
1567,445,274,3,303.84
1568,19,3,2,339.97
1569,405,60,2,172.35
1570,14,88,2,33.16
1571,672,245,3,55.78
1572,472,208,2,425.9
1573,674,250,1,41.67
1574,311,185,1,336.09
1575,690,203,3,58.51
1576,310,45,1,256.3
1577,129,70,1,432.6
1578,15,98,3,9.61
1579,115,9,2,350.58
1580,193,14,2,270.43
1581,215,247,1,96.26
1582,665,75,2,234.0
1583,666,124,1,17.27
1584,447,276,2,499.79
1585,196,45,3,256.3
1586,309,238,1,99.81
1587,152,243,5,140.78
1588,433,12,1,182.69
1589,120,86,2,375.25
1590,157,228,2,346.85
1591,497,242,1,12.0
1592,21,231,3,156.57
1593,600,125,1,392.28
1594,207,151,1,235.17
1595,584,201,1,88.06
1596,53,171,1,315.24
1597,9,53,4,489.1
1598,646,222,1,95.01
1599,426,254,1,388.97
1600,593,284,1,147.67
1601,298,19,1,193.16
1602,500,205,1,471.03
1603,498,263,1,21.16
1604,606,250,1,41.67
1605,238,32,3,373.77
1606,541,10,1,81.96
1607,433,296,3,496.17
1608,324,284,1,147.67
1609,66,138,6,305.07
1610,664,214,1,355.12
1611,485,60,2,172.35
1612,507,178,1,107.38
1613,460,224,1,440.76
1614,22,83,4,214.39
1615,295,99,1,41.26
1616,481,177,2,273.59
1617,449,119,3,108.99
1618,520,113,1,371.91
1619,602,174,1,73.5
1620,617,240,1,490.35
1621,135,151,1,235.17
1622,400,214,3,355.12
1623,690,185,1,336.09
1624,484,83,2,214.39
1625,637,107,3,139.81
1626,290,45,1,256.3
1627,684,248,2,470.83
1628,133,89,3,426.41
1629,205,81,1,86.5
1630,621,252,2,47.16
1631,104,213,3,57.24
1632,506,156,2,77.94
1633,241,108,1,360.22
1634,571,25,3,343.88
1635,19,184,2,245.39
1636,268,183,2,246.67
1637,694,82,1,136.28
1638,179,258,1,474.06
1639,33,33,1,374.77
1640,346,221,1,171.52
1641,117,117,1,217.74
1642,124,288,2,209.56
1643,230,250,3,41.67
1644,265,175,3,348.51
1645,364,24,2,494.81
1646,571,137,2,365.63
1647,155,264,4,352.98
1648,619,54,1,68.55
1649,52,225,3,280.12
1650,469,57,3,357.91
1651,109,53,4,489.1
1652,576,22,2,306.52
1653,520,54,4,68.55
1654,172,61,3,296.28
1655,211,186,2,421.05
1656,161,150,3,147.02
1657,453,260,2,123.73
1658,511,51,2,123.53
1659,158,187,4,453.93
1660,343,71,4,35.0
1661,126,104,1,335.59
1662,450,213,1,57.24
1663,7,126,1,137.07
1664,486,175,3,348.51
1665,294,259,1,136.0
1666,176,44,6,486.08
1667,273,191,1,230.08
1668,425,185,1,336.09
1669,645,126,3,137.07
1670,156,272,3,221.69
1671,432,117,1,217.74
1672,142,220,2,376.49
1673,424,210,1,176.87
1674,470,265,3,345.26
1675,699,186,1,421.05
1676,31,227,3,246.85
1677,150,6,5,282.82
1678,530,36,1,80.66
1679,87,174,1,73.5
1680,323,206,2,298.09
1681,169,223,1,399.93
1682,63,202,5,390.01
1683,38,78,1,484.65
1684,589,30,3,442.92
1685,647,267,2,325.58
1686,303,215,2,368.23
1687,412,284,1,147.67
1688,312,161,2,446.87
1689,353,5,2,51.38
1690,287,271,4,351.37
1691,626,76,1,404.97
1692,414,229,3,226.85
1693,660,106,3,135.91
1694,558,227,3,246.85
1695,354,208,2,425.9
1696,203,155,1,338.03
1697,87,19,2,193.16
1698,551,172,2,43.35
1699,400,65,1,336.14
1700,533,277,1,290.24
1701,291,110,1,50.69
1702,96,262,1,346.24
1703,566,160,1,202.83
1704,534,175,2,348.51
1705,651,82,1,136.28
1706,24,15,3,278.26
1707,553,133,1,341.36
1708,248,156,1,77.94
1709,433,259,6,136.0
1710,114,31,3,75.72
1711,382,133,1,341.36
1712,643,260,1,123.73
1713,363,64,4,40.07
1714,49,64,3,40.07
1715,460,153,1,331.13
1716,587,3,1,339.97
1717,465,174,3,73.5
1718,242,298,3,251.7
1719,580,274,4,303.84
1720,610,120,2,180.07
1721,359,154,1,51.23
1722,292,294,4,356.34
1723,689,72,2,401.29
1724,387,267,1,325.58
1725,254,54,2,68.55
1726,336,265,2,345.26
1727,597,99,2,41.26
1728,370,233,1,215.62
1729,101,76,1,404.97
1730,436,211,3,39.13
1731,84,48,4,271.99
1732,64,218,6,164.54
1733,134,244,4,350.22
1734,220,229,2,226.85
1735,80,190,1,133.78
1736,694,270,4,222.38
1737,413,287,2,433.13
1738,532,203,3,58.51
1739,271,300,2,418.19
1740,511,217,3,235.11
1741,451,251,1,80.1
1742,427,84,2,81.62
1743,148,259,2,136.0
1744,131,249,2,411.95
1745,469,67,3,125.28
1746,526,271,2,351.37
1747,121,109,2,255.18
1748,467,243,3,140.78
1749,34,81,5,86.5
1750,573,190,3,133.78
1751,122,210,1,176.87
1752,113,62,2,355.38
1753,379,293,3,19.29
1754,297,21,2,336.74
1755,536,79,3,87.32
1756,121,191,2,230.08
1757,313,192,1,142.74
1758,311,151,2,235.17
1759,498,15,1,278.26
1760,147,73,2,99.84
1761,604,216,2,309.88
1762,50,157,4,492.05
1763,291,111,1,26.82
1764,188,251,2,80.1
1765,3,63,1,38.36
1766,561,179,1,452.9
1767,70,23,1,85.88
1768,428,247,2,96.26
1769,587,159,1,360.58
1770,580,232,1,239.26
1771,346,194,4,375.77
1772,487,68,3,99.25
1773,142,259,4,136.0
1774,652,236,2,362.04
1775,461,230,2,150.65
1776,153,167,2,416.13
1777,92,210,1,176.87
1778,397,120,1,180.07
1779,405,174,1,73.5
1780,554,24,1,494.81
1781,687,227,3,246.85
1782,285,46,2,421.63
1783,170,13,2,404.53
1784,586,159,2,360.58
1785,575,64,1,40.07
1786,660,287,1,433.13
1787,88,99,4,41.26
1788,634,278,2,237.9
1789,591,28,4,457.0
1790,584,268,4,40.35
1791,194,244,2,350.22
1792,515,10,1,81.96
1793,124,273,3,445.26
1794,185,10,3,81.96
1795,282,106,1,135.91
1796,252,297,1,473.8
1797,455,44,4,486.08
1798,547,165,1,230.95
1799,412,24,4,494.81
1800,504,12,1,182.69
1801,349,224,3,440.76
1802,185,213,3,57.24
1803,25,271,3,351.37
1804,325,196,2,378.35
1805,264,47,1,80.66
1806,118,51,1,123.53
1807,555,87,2,294.17
1808,293,74,2,74.39
1809,188,131,2,167.49
1810,92,79,3,87.32
1811,315,209,3,399.13
1812,695,87,1,294.17
1813,61,167,2,416.13
1814,186,14,1,270.43
1815,60,153,2,331.13
1816,400,51,1,123.53
1817,328,73,1,99.84
1818,423,166,1,475.27
1819,265,193,2,418.28
1820,124,27,1,203.58
1821,208,123,1,488.22
1822,612,122,2,463.25
1823,505,261,4,82.48
1824,517,198,1,123.08
1825,118,138,1,305.07
1826,63,163,4,403.03
1827,476,284,2,147.67
1828,417,34,1,184.19
1829,496,15,1,278.26
1830,418,120,3,180.07
1831,20,138,1,305.07
1832,568,52,3,47.4
1833,253,285,3,230.14
1834,668,65,2,336.14
1835,312,291,2,276.86
1836,417,229,4,226.85
1837,86,257,1,306.77
1838,209,73,1,99.84
1839,383,277,2,290.24
1840,173,126,1,137.07
1841,551,217,3,235.11
1842,569,232,3,239.26
1843,43,1,4,17.38
1844,476,149,1,206.01
1845,669,86,1,375.25
1846,1,31,1,75.72
1847,494,140,1,131.09
1848,613,129,2,156.07
1849,697,195,1,115.99
1850,360,109,1,255.18
1851,600,262,2,346.24
1852,289,24,4,494.81
1853,166,274,1,303.84
1854,577,36,1,80.66
1855,308,46,1,421.63
1856,405,63,1,38.36
1857,144,285,4,230.14
1858,287,222,2,95.01
1859,216,259,2,136.0
1860,326,176,2,36.79
1861,651,134,5,469.92
1862,464,140,3,131.09
1863,252,165,4,230.95
1864,350,108,3,360.22
1865,471,169,1,227.78
1866,17,69,3,180.38
1867,662,2,2,115.49
1868,624,244,3,350.22
1869,5,5,3,51.38
1870,689,89,1,426.41
1871,424,285,1,230.14
1872,501,202,4,390.01
1873,552,42,1,150.28
1874,665,40,2,342.45
1875,552,16,3,290.79
1876,688,228,1,346.85
1877,689,64,1,40.07
1878,362,193,3,418.28
1879,616,184,2,245.39
1880,397,91,1,64.34
1881,9,64,2,40.07
1882,474,190,1,133.78
1883,198,228,1,346.85
1884,10,114,2,282.65
1885,21,144,1,361.28
1886,697,184,3,245.39
1887,197,47,2,80.66
1888,629,156,4,77.94
1889,227,120,1,180.07
1890,506,186,1,421.05
1891,38,144,1,361.28
1892,505,108,4,360.22
1893,8,101,1,440.24
1894,654,203,5,58.51
1895,114,143,1,313.46
1896,583,257,3,306.77
1897,506,88,2,33.16
1898,566,100,1,70.57
1899,676,290,1,381.2
1900,689,290,1,381.2
1901,180,34,2,184.19
1902,603,66,3,363.06
1903,67,66,2,363.06
1904,266,292,3,441.02
1905,234,268,3,40.35
1906,281,99,1,41.26
1907,695,12,2,182.69
1908,695,273,2,445.26
1909,630,130,2,16.71
1910,698,287,4,433.13
1911,465,2,1,115.49
1912,438,27,1,203.58
1913,331,222,1,95.01
1914,417,141,2,5.84
1915,125,266,1,215.44
1916,478,254,1,388.97
1917,371,265,1,345.26
1918,45,115,2,472.8
1919,49,143,2,313.46
1920,431,273,3,445.26
1921,460,162,1,390.32
1922,6,201,5,88.06
1923,200,172,5,43.35
1924,84,293,1,19.29
1925,26,116,4,275.07
1926,434,39,2,485.68
1927,256,101,3,440.24
1928,169,169,2,227.78
1929,319,33,3,374.77
1930,642,50,2,60.37
1931,29,246,2,237.35
1932,443,13,2,404.53
1933,607,172,2,43.35
1934,257,127,1,194.36
1935,111,243,4,140.78
1936,245,175,4,348.51
1937,56,171,1,315.24
1938,533,122,3,463.25
1939,75,225,1,280.12
1940,98,229,2,226.85
1941,593,64,1,40.07
1942,88,32,3,373.77
1943,35,194,2,375.77
1944,321,34,1,184.19
1945,131,32,1,373.77
1946,453,29,1,110.25
1947,309,222,4,95.01
1948,68,53,2,489.1
1949,694,29,2,110.25
1950,573,27,3,203.58
1951,302,196,5,378.35
1952,412,50,3,60.37
1953,633,211,1,39.13
1954,239,6,1,282.82
1955,465,197,2,420.42
1956,476,220,2,376.49
1957,636,52,2,47.4
1958,348,14,3,270.43
1959,465,265,1,345.26
1960,337,99,1,41.26
1961,111,53,3,489.1
1962,13,35,2,50.0
1963,608,100,3,70.57
1964,587,65,1,336.14
1965,653,261,3,82.48
1966,263,182,3,377.97
1967,432,247,1,96.26
1968,636,228,3,346.85
1969,191,125,4,392.28
1970,141,23,2,85.88
1971,62,66,1,363.06
1972,320,300,4,418.19
1973,447,263,1,21.16
1974,668,184,1,245.39
1975,319,299,3,256.89
1976,555,75,1,234.0
1977,151,241,4,117.6
1978,317,176,3,36.79
1979,299,189,1,434.09
1980,9,266,2,215.44
1981,601,75,3,234.0
1982,59,122,2,463.25
1983,520,287,1,433.13
1984,56,217,4,235.11
1985,353,101,1,440.24
1986,206,104,1,335.59
1987,71,175,1,348.51
1988,194,244,3,350.22
1989,479,170,1,420.73
1990,593,290,2,381.2
1991,344,154,1,51.23
1992,429,169,1,227.78
1993,167,54,2,68.55
1994,466,22,4,306.52
1995,508,113,4,371.91
1996,4,115,3,472.8
1997,236,239,4,141.87
1998,639,110,1,50.69
1999,245,247,2,96.26
2000,340,193,1,418.28
